成语5000,,,,
序号,成语,出处,,
,爱屋及乌,,,
,爱憎分明,,,
,安步当车,,,
,安然无恙,,,
,安土重迁,,,
,安营扎寨,,,
,安之若素,,,
,按部就班,,,
,案牍劳形,,,
,嗷嗷待哺,,,
,傲然屹立,,,
,拔山扛鼎,,,
,霸王别姬,,,
,白璧微瑕,,,
,白饭青刍,,,
,白驹过隙,,,
,白眉赤眼,,,
,白手起家,,,
,白衣苍狗,,,
,白衣公卿,,,
,白鱼入舟,,,
,百舸争流,,,
,百里之才,,,
,百无聊赖,,,
,百战不殆,,,
,百折不回,,,
,柏舟之誓,,,
,败絮其中,,,
,稗官野史,,,
,班门弄斧,,,
,阪上走丸,,,
,抱残守缺,,,
,抱头鼠窜,,,
,抱薪救火,,,
,暴风骤雨,,,
,暴虎冯河,,,
,暴殄天物,,,
,杯弓蛇影,,,
,杯盘狼藉,,,
,杯水车薪,,,
,悲歌击筑,,,
,悲天悯人,,,
,被发左衽,,,
,被坚执锐,,,
,本末倒置,,,
,逼上梁山,,,
,笔大如椽,,,
,笔耕不辍,,,
,笔墨纸砚,,,
,笔走龙蛇,,,
,闭门造车,,,
,敝帚自珍,,,
,筚路蓝缕,,,
,弊车羸马,,,
,髀肉复生,,,
,鞭辟入里,,,
,变徵之声,,,
,便宜行事,,,
,遍体鳞伤,,,
,摽梅之年,,,
,别出机杼,,,
,别出心裁,,,
,别无长物,,,
,彬彬有礼,,,
,兵不血刃,,,
,秉性愚钝,,,
,并驾齐驱,,,
,病来如山倒，病去如抽丝,,,
,病入膏肓,,,
,拨乱反正,,,
,伯仲叔季,,,
,伯仲之间,,,
,博闻强记,,,
,博学笃志,,,
,不辨菽麦,,,
,不差累黍,,,
,不耻下问,,,
,不二法门,,,
,不愤不启,,,
,不孚众望,,,
,不负众望,,,
,不攻自破,,,
,不怀好意,,,
,不解之谜,,,
,不近人情,,,
,不经之谈,,,
,不胫而走,,,
,不绝如缕,,,
,不刊之论,,,
,不可或缺,,,
,不可开交,,,
,不可理喻,,,
,不可收拾,,,
,不可思议,,,
,不可向迩,,,
,不可一世,,,
,不可终日,,,
,不可捉摸,,,
,不郎不秀,,,
,不稂不莠,,,
,不劳而获,,,
,不落窠臼,,,
,不毛之地,,,
,不能自已,,,
,不期而至,,,
,不求甚解,,,
,不忍卒读,,,
,不容商榷,,,
,不容置喙,,,
,不衫不履,,,
,不舍昼夜,,,
,不省人事,,,
,不胜其烦,,,
,不速之客,,,
,不瘟不火,,,
,不屑一顾,,,
,不屑置辩,,,
,不修边幅,,,
,不言而喻,,,
,不厌其烦,,,
,不一而足,,,
,不以为然,,,
,不以为意,,,
,不亦乐乎,,,
,不由分说,,,
,不约而同,,,
,不赞一词,,,
,不折不挠,,,
,不知好歹,,,
,不知所措,,,
,不知所云,,,
,不足为据,,,
,不足为奇,,,
,不足为训,,,
,步步为营,,,
,步履蹒跚,,,
,才高八斗,,,
,财不露白,,,
,采薪之忧,,,
,参差不齐,,,
,残兵败将,,,
,残羹冷炙,,,
,蚕食鲸吞,,,
,惨淡经营,,,
,惨绝人寰,,,
,仓皇失措,,,
,沧海桑田,,,
,沧海一粟,,,
,藏龙卧虎,,,
,藏污纳垢,,,
,草菅人命,,,
,草长莺飞,,,
,侧目而视,,,
,层出不穷,,,
,曾几何时,,,
,察言观色,,,
,差强人意,,,
,尝鼎一脔,,,
,怅然若失,,,
,朝不虑夕,,,
,朝朝暮暮,,,
,朝三暮四,,,
,朝闻夕死,,,
,车马辐辏,,,
,车水马龙,,,
,沉李浮瓜,,,
,沉默寡言,,,
,沉鱼落雁,,,
,陈力就列,,,
,瞠目结舌,,,
,诚惶诚恐,,,
,城下之盟,,,
,乘龙快婿,,,
,乘兴而归,,,
,程门立雪,,,
,嗤之以鼻,,,
,痴心妄想,,,
,魑魅魍魉,,,
,持之以恒,,,
,尺短寸长,,,
,叱咤风云,,,
,赤朱丹彤,,,
,赤子之心,,,
,充耳不闻,,,
,抽手旁观,,,
,抽丝剥茧,,,
,抽薪止沸,,,
,绸缪束薪,,,
,踌躇不前,,,
,踌躇满志,,,
,臭名昭著,,,
,出尔反尔,,,
,出奇制胜,,,
,出言不逊,,,
,楚楚动人,,,
,楚楚可怜,,,
,处心积虑,,,
,触目伤怀,,,
,川流不息,,,
,穿云裂石,,,
,穿凿附会,,,
,传杯换盏,,,
,吹毛求疵,,,
,垂纶长川,,,
,垂头丧气,,,
,捶胸顿足,,,
,春风化雨,,,
,春寒料峭,,,
,春晖寸草,,,
,春秋笔法,,,
,唇焦口燥,,,
,唇亡齿寒,,,
,聪明绝伦,,,
,从恶如崩,,,
,从谏如流,,,
,从善如登,,,
,从善如流,,,
,从一而终,,,
,促膝谈心,,,
,摧枯拉朽,,,
,厝火积薪,,,
,错综复杂,,,
,大饱眼福,,,
,大彻大悟,,,
,大打折扣,,,
,大而化之,,,
,大而无当,,,
,大发雷霆,,,
,大放厥词,,,
,大惊失色,,,
,大块朵颐,,,
,大名鼎鼎,,,
,大庭广众,,,
,大相径庭,,,
,大有裨益,,,
,大智若愚,,,
,待价而沽,,,
,怠惰成性,,,
,担惊受怕,,,
,殚精竭虑,,,
,箪食壶浆,,,
,箪食瓢饮,,,
,胆战心惊,,,
,弹冠相庆,,,
,淡泊明志,,,
,当仁不让,,,
,当之无愧,,,
,荡然无存,,,
,道路以目,,,
,得寸进尺,,,
,得失俱亡,,,
,得天独厚,,,
,得鱼忘筌,,,
,地崩山摧,,,
,登高自卑,,,
,登堂入室,,,
,等闲视之,,,
,低眉顺眼,,,
,抵足而眠,,,
,颠倒黑白,,,
,颠倒是非,,,
,颠沛流离,,,
,雕梁画栋,,,
,跌宕起伏,,,
,喋喋不休,,,
,顶礼膜拜,,,
,鼎铛玉石,,,
,鼎鼎有名,,,
,鼎镬刀锯,,,
,鼎力相助,,,
,鼎足而立,,,
,东窗事发,,,
,东床快婿,,,
,东道之谊,,,
,东风过耳,,,
,东郭先生,,,
,东南雀飞,,,
,东山再起,,,
,东施效颦,,,
,洞若观火,,,
,斗折蛇行,,,
,豆蔻年华,,,
,豆剖瓜分,,,
,独领风骚,,,
,独一无二,,,
,短小精悍,,,
,断发文身,,,
,断章取义,,,
,堆积如山,,,
,对床夜雨,,,
,对牛弹琴,,,
,顿开茅塞,,,
,多多益善,,,
,咄咄逼人,,,
,夺眶而出,,,
,俄顷之间,,,
,额手称庆,,,
,饿殍遍野,,,
,而立之年,,,
,耳鬓厮磨,,,
,耳不忍闻,,,
,耳濡目染,,,
,耳熟能详,,,
,耳顺之年,,,
,耳提面命,,,
,耳闻目睹,,,
,发轫之作,,,
,发上指冠,,,
,伐木丁丁,,,
,罚不当罪,,,
,翻来覆去,,,
,翻云覆雨,,,
,繁华酥骨,,,
,繁芜丛杂,,,
,繁芜丛杂,,,
,反哺报亲,,,
,反复无常,,,
,反躬自省,,,
,反躬自省,,,
,犯而不校,,,
,犯而不校,,,
,范张鸡黍,,,
,方底圆盖,,,
,方底圆盖,,,
,方底圆盖,,,
,方枘圆凿,,,
,方枘圆凿,,,
,方天画戟,,,
,方兴未艾,,,
,防微杜渐,,,
,防微杜渐,,,
,放浪形骸,,,
,飞蛾扑火,,,
,蜚短流长,,,
,废寝忘食,,,
,沸反盈天,,,
,沸反盈天,,,
,沸反盈天,,,
,沸沸扬扬,,,
,沸沸扬扬,,,
,沸沸扬扬,,,
,沸沸扬扬,,,
,肺腑之言,,,
,分崩离析,,,
,分崩离析,,,
,分崩离析,,,
,分崩离析,,,
,分庭抗礼,,,
,分庭抗礼,,,
,分庭抗礼,,,
,纷纷扬扬,,,
,纷至沓来,,,
,焚膏继晷,,,
,焚膏继晷,,,
,焚膏继晷,,,
,焚琴煮鹤,,,
,焚琴煮鹤,,,
,焚琴煮鹤,,,
,粉墨登场,,,
,粉墨登场,,,
,粉墨登场,,,
,粉墨登场,,,
,丰功伟绩,,,
,风餐露宿,,,
,风驰电掣,,,
,风吹雨打,,,
,风华正茂,,,
,风口浪尖,,,
,风流倜傥,,,
,风靡一时,,,
,风平浪静,,,
,风声鹤唳,,,
,风声鹤唳,,,
,风声鹤唳,,,
,风声鹤唳,,,
,风云变幻,,,
,风云诡谲,,,
,峰回路转,,,
,锋芒毕露,,,
,锋芒毕露,,,
,蜂拥而来,,,
,蜂拥而至,,,
,冯唐易老,,,
,逢人说项,,,
,逢人说项,,,
,逢人说项,,,
,凤凰涅槃,,,
,奉为圭臬,,,
,奉为圭臬,,,
,否极泰来,,,
,否极泰来,,,
,扶摇直上,,,
,浮光掠影,,,
,桴鼓相应,,,
,桴鼓相应,,,
,俯拾即是,,,
,俯首帖耳,,,
,俯首帖耳,,,
,俯首帖耳,,,
,俯首贴耳,,,
,俯仰生姿,,,
,釜底抽薪,,,
,釜底抽薪,,,
,辅车相依,,,
,辅车相依,,,
,辅车相依,,,
,辅车相依,,,
,辅车相依,,,
,簠簋不饬,,,
,簠簋不饬,,,
,簠簋不饬,,,
,付之一炬,,,
,付之一笑,,,
,付诸东流,,,
,付诸东流,,,
,付诸东流,,,
,付诸东流,,,
,妇人之仁,,,
,妇人之仁,,,
,妇人之仁,,,
,妇孺皆知,,,
,附庸风雅,,,
,富丽堂皇,,,
,改头换面,,,
,改弦更张,,,
,改弦更张,,,
,改弦更张,,,
,改弦易辙,,,
,改辕易辙,,,
,概莫能外,,,
,甘之如饴,,,
,甘之如饴,,,
,甘之如饴,,,
,肝肠寸断,,,
,肝胆相照,,,
,肝胆相照,,,
,肝胆相照,,,
,感慨系之,,,
,感慨系之,,,
,干系甚大,,,
,刚毅木讷,,,
,高车驷马,,,
,高朋满座,,,
,高山流水,,,
,高山流水,,,
,高山流水,,,
,高山流水,,,
,高谈阔论,,,
,高屋建瓴,,,
,高屋建瓴,,,
,櫜弓戢矢,,,
,革故鼎新,,,
,革故鼎新,,,
,格物致知,,,
,格物致知,,,
,各得其所,,,
,各抒己见,,,
,各行其是,,,
,各行其是,,,
,各行其是,,,
,根深蒂固,,,
,根深蒂固,,,
,亘古不变,,,
,耿耿于怀,,,
,功败垂成,,,
,功败垂成,,,
,功败垂成,,,
,恭敬桑梓,,,
,觥筹交错,,,
,觥筹交错,,,
,狗窦大开,,,
,狗皮膏药,,,
,狗尾续貂,,,
,狗尾续貂,,,
,狗尾续貂,,,
,呱呱坠地,,,
,呱呱坠地,,,
,呱呱坠地,,,
,姑射神人,,,
,姑射神人,,,
,姑射神人,,,
,孤芳自赏,,,
,孤苦伶仃,,,
,古道热肠,,,
,古稀之年,,,
,股肱之臣,,,
,股肱之臣,,,
,蛊惑人心,,,
,蛊惑人心,,,
,蛊惑人心,,,
,顾此失彼,,,
,顾此失彼,,,
,瓜葛相连,,,
,瓜葛相连,,,
,瓜葛相连,,,
,瓜熟蒂落,,,
,瓜熟蒂落,,,
,瓜熟蒂落,,,
,瓜田李下,,,
,瓜田李下,,,
,瓜田李下,,,
,瓜田李下,,,
,瓜田李下,,,
,瓜田李下,,,
,刮目相看,,,
,刮目相看,,,
,刮目相看,,,
,刮目相看,,,
,寡不敌众,,,
,怪诞不经,,,
,怪力乱神,,,
,冠履倒置,,,
,冠冕堂皇,,,
,鳏寡孤独,,,
,鳏寡孤独,,,
,管鲍之交,,,
,管鲍之交,,,
,管鲍之交,,,
,管鲍之交,,,
,管鲍之交,,,
,管窥蠡测,,,
,管窥蠡测,,,
,管中窥豹,,,
,管中窥豹,,,
,管中窥豹,,,
,盥耳山栖,,,
,盥耳山栖,,,
,盥耳山栖,,,
,光怪陆离,,,
,光明正大,,,
,广陵散绝,,,
,广袤无垠,,,
,鬼斧神工,,,
,鬼鬼祟祟,,,
,鬼鬼祟祟,,,
,鬼鬼祟祟,,,
,鬼迷心窍,,,
,滚瓜烂熟,,,
,滚瓜烂熟,,,
,滚瓜烂熟,,,
,过江之鲫,,,
,过江之鲫,,,
,过犹不及,,,
,过犹不及,,,
,过犹不及,,,
,海枯石烂,,,
,海枯石烂,,,
,海阔天空,,,
,海市蜃楼,,,
,骇人听闻,,,
,骇人听闻,,,
,骇人听闻,,,
,骇人听闻,,,
,骇⼈听闻,,,
,骇人听闻,,,
,酣畅淋漓,,,
,酣然入梦,,,
,含辛茹苦,,,
,邯郸学步,,,
,寒泉之思,,,
,汗流浃背,,,
,汗流浃背,,,
,汗流浃背,,,
,汗⽜充栋,,,
,撼动人心,,,
,沆瀣一气,,,
,沆瀣一气,,,
,沆瀣一气,,,
,沆瀣一气,,,
,沆瀣一气,,,
,好为人师,,,
,昊天罔极,,,
,皓首穷经,,,
,合辙押韵,,,
,和蔼可亲,,,
,和盘托出,,,
,和盘托出,,,
,和盘托出,,,
,和颜悦色,,,
,河东狮吼,,,
,河东狮吼,,,
,河东狮吼,,,
,河东狮吼,,,
,河东狮吼,,,
,涸辙之鲋,,,
,涸辙之鲋,,,
,涸辙之鲋,,,
,涸辙之鲋,,,
,涸辙之鲋,,,
,赫赫扬扬,,,
,赫赫有名,,,
,鹤立鸡群,,,
,鹤立鸡群,,,
,横七竖八,,,
,横征暴敛,,,
,哄堂大笑,,,
,猴年马月,,,
,猴年马月,,,
,猴年马月,,,
,猴子搏矢,,,
,猴子搏矢,,,
,猴子搏矢,,,
,猴子称大王,,,
,猴子称大王,,,
,后悔莫及,,,
,后生可畏,,,
,呼朋引伴,,,
,呼朋引类,,,
,呼天抢地,,,
,囫囵吞枣,,,
,湖光山色,,,
,虎踞龙盘,,,
,虎视眈眈,,,
,虎兕出柙,,,
,护犊情深,,,
,怙恶不悛,,,
,怙恶不悛,,,
,怙恶不悛,,,
,怙恶不悛,,,
,怙恶不悛,,,
,花团锦簇,,,
,花枝招展,,,
,花枝招展,,,
,哗众取宠,,,
,化险为夷,,,
,画龙点睛,,,
,画龙点睛,,,
,画龙点睛,,,
,画龙点睛,,,
,画蛇添足,,,
,怀古伤今,,,
,欢欣雀跃,,,
,环肥燕瘦,,,
,环肥燕瘦,,,
,环肥燕瘦,,,
,涣然冰释,,,
,涣然冰释,,,
,患得患失,,,
,皇天后土,,,
,皇天后土,,,
,黄发垂髫,,,
,黄发垂髫,,,
,黄粱美梦,,,
,黄粱美梦,,,
,黄粱美梦,,,
,黄粱美梦,,,
,黄雀衔环,,,
,黄雀在后,,,
,黄钟大吕,,,
,恍然大悟,,,
,挥斥方遒,,,
,挥洒自如,,,
,麾军南下,,,
,回光返照,,,
,绘声绘色,,,
,绘声绘色,,,
,诲人不倦,,,
,诲人不倦,,,
,诲人不倦,,,
,诲人不倦,,,
,浑浑噩噩,,,
,浑浑噩噩,,,
,浑浑噩噩,,,
,魂牵梦萦,,,
,混水摸鱼,,,
,混水摸鱼,,,
,混水摸鱼,,,
,混为一谈,,,
,豁然贯通,,,
,豁然开朗,,,
,豁然开朗,,,
,豁然开朗,,,
,豁然开朗,,,
,火中取栗,,,
,火中取栗,,,
,火中取栗,,,
,火中取栗,,,
,火中取栗,,,
,火中取栗,,,
,⽕中取栗,,,
,火中取栗,,,
,祸不单行,,,
,祸起萧墙,,,
,祸起萧墙,,,
,祸起萧墙,,,
,蠖屈求伸,,,
,饥肠辘辘,,,
,饥肠辘辘,,,
,饥肠辘辘,,,
,鸡犬桑麻,,,
,鸡犬相闻,,,
,积毁销骨,,,
,积羽沉舟,,,
,跻身十强,,,
,及笄之年,,,
,岌岌可危,,,
,佶屈聱牙,,,
,佶屈聱牙,,,
,急不暇择,,,
,急于求成,,,
,疾恶如仇,,,
,疾首蹙额,,,
,集腋成裘,,,
,掎角之势,,,
,计日程功,,,
,计日程功,,,
,既往不咎,,,
,既往不咎,,,
,既往不咎,,,
,寄人篱下,,,
,寄人篱下,,,
,祭出撒手锏,,,
,骥伏盐车,,,
,家喻户晓,,,
,家喻户晓,,,
,家喻户晓,,,
,家喻户晓,,,
,戛然而止,,,
,尖嘴猴腮,,,
,尖嘴猴腮,,,
,尖嘴猴腮,,,
,坚持不懈,,,
,坚如磐石,,,
,间不容发,,,
,间不容发,,,
,间不容发,,,
,间不容发,,,
,肩摩毂击,,,
,剪发杜门,,,
,简而言之,,,
,见分晓,,,
,见解深邃,,,
,见仁见智,,,
,见仁见智,,,
,见仁见智,,,
,见异思迁,,,
,见异思迁,,,
,见异思迁,,,
,剑拔弩张,,,
,箭在弦上,,,
,江东父老,,,
,江东父老,,,
,江东父老,,,
,江东父老,,,
,江东父老,,,
,江东父老,,,
,江河日下,,,
,江河日下,,,
,江郎才尽,,,
,江郎才尽,,,
,匠心独运,,,
,交头接耳,,,
,交头接耳,,,
,焦头烂额,,,
,矫揉造作,,,
,教学相长,,,
,接踵而至,,,
,嗟来之食,,,
,孑然一身,,,
,结草衔环,,,
,结发夫妻,,,
,截然不同,,,
,截然不同,,,
,截然不同,,,
,竭尽全力,,,
,竭泽而渔,,,
,金榜题名,,,
,金碧辉煌,,,
,金刚怒目,,,
,金刚怒目,,,
,金刚怒目,,,
,金戈铁马,,,
,金玉其外，,,,
,津津乐道,,,
,襟怀坦白,,,
,尽善尽美,,,
,谨小慎微,,,
,进退维谷,,,
,进贤屏恶,,,
,噤若寒蝉,,,
,噤若寒蝉,,,
,噤若寒蝉,,,
,噤若寒蝉,,,
,噤若寒蝉,,,
,泾渭分明,,,
,泾渭分明,,,
,泾渭分明,,,
,经世奇才,,,
,惊慌失措,,,
,惊魂甫定,,,
,惊世骇俗,,,
,惊世骇俗,,,
,惊世骇俗,,,
,惊世骇俗,,,
,惊世骇俗,,,
,惊天动地,,,
,惊心动魄,,,
,晶莹剔透,,,
,兢兢业业,,,
,兢兢业业,,,
,兢兢业业,,,
,精兵简政,,,
,精疲力竭,,,
,精疲力尽,,,
,精益求精,,,
,精益求精,,,
,净心涤虑,,,
,敬谢不敏,,,
,敬谢不敏,,,
,敬谢不敏,,,
,敬谢不敏,,,
,敬谢不敏,,,
,敬谢不敏,,,
,迥乎不同,,,
,鸠占鹊巢,,,
,鸠占鹊巢,,,
,鸠占鹊巢,,,
,鸠占鹊巢,,,
,鸠占鹊巢,,,
,九死不悔,,,
,久假不归,,,
,久假不归,,,
,灸艾分痛,,,
,酒阑灯炧,,,
,咎由自取,,,
,鞠躬尽瘁,,,
,鞠躬尽瘁,,,
,鞠躬尽瘁,,,
,举案齐眉,,,
,举一反三,,,
,举一反三,,,
,举一反三,,,
,举重若轻,,,
,举足轻重,,,
,屦贱踊贵,,,
,涓涓细流,,,
,厥功甚伟,,,
,开卷有益,,,
,开门揖盗,,,
,开门揖盗,,,
,开门揖盗,,,
,开天辟地,,,
,开柙出虎,,,
,侃侃而谈,,,
,侃侃而谈,,,
,侃侃而谈,,,
,侃侃而谈,,,
,侃侃而谈,,,
,侃侃而谈,,,
,侃侃而谈,,,
,慷慨解囊,,,
,慷慨淋漓,,,
,亢龙有悔,,,
,亢龙有悔,,,
,亢龙有悔,,,
,苛捐杂税,,,
,可歌可泣,,,
,可歌可泣,,,
,可望而不可及,,,
,刻舟求剑,,,
,恪尽职守,,,
,恪尽职守,,,
,空穴来风,,,
,空穴来风,,,
,空穴来风,,,
,空穴来风,,,
,口耳相传,,,
,口耳相传,,,
,口耳相传,,,
,口若悬河,,,
,苦心孤诣,,,
,夸夸其谈,,,
,夸夸其谈,,,
,夸夸其谈,,,
,脍炙人口,,,
,脍炙人口,,,
,脍炙人口,,,
,脍炙人口,,,
,脍炙人口,,,
,狂风骤雨,,,
,狂妄自大,,,
,狂妄恣睢,,,
,揆情度理,,,
,跬步千里,,,
,跬步千里,,,
,跬步千里,,,
,昆弟之好,,,
,来日方长,,,
,揽辔登车,,,
,狼心狗肺,,,
,琅琅上口,,,
,琅琅上口,,,
,琅琅上口,,,
,劳而无功,,,
,劳苦功高,,,
,劳燕分飞,,,
,劳燕分飞,,,
,唠唠叨叨,,,
,老当益壮,,,
,老妪能解,,,
,了如指掌,,,
,雷霆万钧,,,
,泪眼婆娑,,,
,累死累活,,,
,棱角分明,,,
,棱角分明,,,
,离群索居,,,
,礼尚往来,,,
,礼尚往来,,,
,李代桃僵,,,
,李代桃僵,,,
,李代桃僵,,,
,理不胜辞,,,
,理所当然,,,
,力能扛鼎,,,
,力挽狂澜,,,
,力挽狂澜,,,
,历历在目,,,
,历历在目,,,
,厉兵秣马,,,
,励精图治,,,
,沥尽心血,,,
,连绵不断,,,
,恋恋不舍,,,
,良莠不齐,,,
,良莠不齐,,,
,良莠不齐,,,
,两鬓苍苍,,,
,两肋插刀,,,
,两小无猜,,,
,聊以慰藉,,,
,林林总总,,,
,林林总总,,,
,林林总总,,,
,临川羡鱼,,,
,临川羡鱼,,,
,临川羡鱼,,,
,淋漓尽致,,,
,淋漓尽致,,,
,琳琅满目,,,
,鳞次栉比,,,
,伶牙俐齿,,,
,灵机一动,,,
,羚羊挂角,,,
,羚羊挂角,,,
,令人发指,,,
,令人发指,,,
,令人发指,,,
,另请高明,,,
,流毒无穷,,,
,流水潺潺,,,
,柳暗花明,,,
,龙蛇混杂,,,
,龙蛇混杂,,,
,龙蛇混杂,,,
,庐山真面目,,,
,陆海潘江,,,
,鹿死谁手,,,
,鹿死谁手,,,
,路人皆知,,,
,路有饿殍,,,
,路有饿殍,,,
,屡试不爽,,,
,屡试不爽,,,
,屡试不爽,,,
,屡试不爽,,,
,屡试不爽,,,
,屡试不爽,,,
,屡遭丧乱,,,
,履舄交错,,,
,履险如夷,,,
,鸾凤和鸣,,,
,轮扁斫轮,,,
,洛阳纸贵,,,
,洛阳纸贵,,,
,络腮胡子,,,
,络绎不绝,,,
,络绎不绝,,,
,落花流水,,,
,落花流水,,,
,落花流水,,,
,落下帷幕,,,
,落英缤纷,,,
,麻木不仁,,,
,麻木不仁,,,
,麻木不仁,,,
,麻雀虽小五脏俱全,,,
,马革裹尸,,,
,马革裹尸,,,
,马革裹尸,,,
,马前卒,,,
,骂骂咧咧,,,
,埋头苦干,,,
,买椟还珠,,,
,蛮横无理,,,
,满城风雨,,,
,慢条斯理,,,
,漫不经心,,,
,芒鞋竹笠,,,
,毛骨悚然,,,
,毛骨悚然,,,
,毛遂自荐,,,
,毛遂自荐,,,
,茂林修竹,,,
,耄耋之年,,,
,耄耋之年,,,
,没齿不忘,,,
,美不胜收,,,
,美籍华裔,,,
,美轮美奂,,,
,美轮美奂,,,
,美轮美奂,,,
,美味佳肴,,,
,门当户对,,,
,门户之见,,,
,门可罗雀,,,
,门可罗雀,,,
,门可罗雀,,,
,门闾之望,,,
,门庭若市,,,
,门庭若市,,,
,门庭若市,,,
,蒙袂辑屦,,,
,猕猴骑土牛,,,
,猕猴骑土牛,,,
,靡靡之音,,,
,密密匝匝,,,
,绵绵瓜瓞,,,
,绵绵瓜瓞,,,
,绵绵瓜瓞,,,
,面面相觑,,,
,面面相觑,,,
,面目全非,,,
,面目全非,,,
,面目全非,,,
,面如土色,,,
,面无人色,,,
,妙手回春,,,
,妙手偶得,,,
,灭顶之灾,,,
,名副其实,,,
,名落孙山,,,
,名落孙山,,,
,明辨是非,,,
,明目张胆,,,
,明目张胆,,,
,明日黄花,,,
,明日黄花,,,
,明日黄花,,,
,明日黄花,,,
,明珠弹雀,,,
,命途多舛,,,
,命途多舛,,,
,命运不济,,,
,摩肩接踵,,,
,磨刀霍霍,,,
,磨刀霍霍,,,
,磨刀霍霍,,,
,磨刀霍霍,,,
,磨牙吮血,,,
,秣马厉兵,,,
,莫名其妙,,,
,莫名其妙,,,
,莫逆于心,,,
,莫逆之交,,,
,漠不关心,,,
,漠不关心,,,
,漠不关心,,,
,墨守成规,,,
,墨守成规,,,
,墨守成规,,,
,墨守成规,,,
,墨守成规,,,
,墨丈寻常,,,
,墨丈寻常,,,
,墨丈寻常,,,
,木已成舟,,,
,目不交睫,,,
,目不交睫,,,
,目不交睫,,,
,目不窥园,,,
,目不忍睹,,,
,目不忍视,,,
,目不识丁,,,
,目不暇接,,,
,目光如豆,,,
,目光如豆,,,
,目光如豆,,,
,目空一切,,,
,目无全牛,,,
,目无全牛,,,
,目无全牛,,,
,目无全牛,,,
,目眩神迷,,,
,沐猴而冠,,,
,沐猴而冠,,,
,沐猴而冠,,,
,沐猴而冠,,,
,沐猴而冠,,,
,沐猴而冠,,,
,耐人寻味,,,
,南柯一梦,,,
,南柯一梦,,,
,南腔北调,,,
,南辕北辙,,,
,南辕北辙,,,
,南辕北辙,,,
,南辕北辙,,,
,难辞其咎,,,
,难兄难弟,,,
,喃喃自语,,,
,喃喃自语,,,
,喃喃自语,,,
,喃喃自语,,,
,恼羞成怒,,,
,拈花一笑,,,
,拈轻怕重,,,
,拈轻怕重,,,
,拈轻怕重,,,
,辗转反侧,,,
,念念有词,,,
,念念有词,,,
,念念有词,,,
,念念有词,,,
,鸟语花香,,,
,蹑手蹑脚,,,
,蹑手蹑脚,,,
,宁静致远,,,
,宁缺毋滥,,,
,牛山濯濯,,,
,扭捏作态,,,
,扭转乾坤,,,
,弄鬼掉猴,,,
,弄鬼掉猴,,,
,弄鬼掉猴,,,
,弄假成真,,,
,弄假成真,,,
,弄巧成拙,,,
,弄巧成拙,,,
,怒不可遏,,,
,怒发冲冠,,,
,呕心沥血,,,
,判若云泥,,,
,判若云泥,,,
,判若云泥,,,
,旁逸斜出,,,
,抛砖引玉,,,
,抛砖引玉,,,
,抛砖引玉,,,
,刨根问底,,,
,庖丁解牛,,,
,匏瓜空悬,,,
,匏瓜空悬,,,
,匏瓜空悬,,,
,跑龙套,,,
,喷薄而出,,,
,蓬荜生辉,,,
,蓬荜生辉,,,
,蓬荜生辉,,,
,鹏程万里,,,
,劈头盖脸,,,
,皮肤黝黑,,,
,皮开肉绽,,,
,疲倦不堪,,,
,蚍蜉撼树,,,
,睥睨天下,,,
,飘瓦虚舟,,,
,瓢泼大雨,,,
,平铺直叙,,,
,平心而论,,,
,平心而论,,,
,平心静气,,,
,平易近人,,,
,评头品足,,,
,屏息敛声,,,
,萍水相逢,,,
,破釜沉舟,,,
,破釜沉舟,,,
,破釜沉舟,,,
,破釜沉舟,,,
,破釜沉舟,,,
,破釜沉舟,,,
,扑朔迷离,,,
,扑朔迷离,,,
,七窍不通,,,
,七月流火,,,
,七月流火,,,
,期期艾艾,,,
,期期艾艾,,,
,期期艾艾,,,
,期期艾艾,,,
,期期艾艾,,,
,期期艾艾,,,
,其乐融融,,,
,奇文共赏,,,
,歧路亡羊,,,
,杞人忧天,,,
,气冲斗牛,,,
,气喘吁吁,,,
,气喘吁吁,,,
,气喘吁吁,,,
,气喘吁吁,,,
,气息奄奄,,,
,弃甲曳兵,,,
,器小易盈,,,
,器小易盈,,,
,器小易盈,,,
,器宇轩昂,,,
,千乘之国,,,
,千钧一发,,,
,千钧一发,,,
,千钧之力,,,
,阡陌交通,,,
,前车之鉴,,,
,前赴后继,,,
,前呼后拥,,,
,前仆后继,,,
,潜滋暗长,,,
,黔驴技穷,,,
,浅尝辄止,,,
,浅尝辄止,,,
,强词夺理,,,
,强弩之末,,,
,悄然不惊,,,
,悄然涕下,,,
,悄无声息,,,
,巧夺天工,,,
,巧夺天工,,,
,巧夺天工,,,
,巧妙绝伦,,,
,巧舌如簧,,,
,巧舌如簧,,,
,翘首以待,,,
,切齿拊心,,,
,窃窃私语,,,
,窃窃私语,,,
,窃窃私语,,,
,锲而不舍,,,
,锲而不舍,,,
,锲而不舍,,,
,秦晋之好,,,
,秦晋之好,,,
,沁人心脾,,,
,沁人心脾,,,
,青出于蓝,,,
,青出于蓝,,,
,青红皂白,,,
,青梅竹马,,,
,青面獠牙,,,
,青眼相看,,,
,青眼相看,,,
,青眼相看,,,
,轻而易举,,,
,轻歌曼舞,,,
,轻描淡写,,,
,轻诺寡信,,,
,轻诺寡信,,,
,倾国倾城,,,
,倾国倾城,,,
,倾国倾城,,,
,倾国倾城,,,
,倾国倾城,,,
,倾盆大雨,,,
,倾盆大雨,,,
,倾盆大雨,,,
,倾盆大雨,,,
,卿卿我我,,,
,卿卿我我,,,
,卿卿我我,,,
,蜻蜓点水,,,
,情不自禁,,,
,情随事迁,,,
,情有可原,,,
,晴天霹雳,,,
,晴天霹雳,,,
,晴天霹雳,,,
,顷刻之间,,,
,顷刻之间,,,
,罄竹难书,,,
,罄竹难书,,,
,罄竹难书,,,
,罄竹难书,,,
,罄竹难书,,,
,穷兵黩武,,,
,穷且益坚,,,
,穷途末路,,,
,穷形尽相,,,
,茕茕孑立,,,
,茕茕孑立,,,
,茕茕孑立,,,
,秋毫不犯,,,
,曲肱而枕,,,
,曲突徙薪,,,
,曲突徙薪,,,
,曲突徙薪,,,
,趋之若鹜,,,
,趋之若鹜,,,
,趋之若鹜,,,
,取而代之,,,
,取而代之,,,
,取而代之,,,
,取义成仁,,,
,全力以赴,,,
,全神贯注,,,
,全神贯注,,,
,权宜之计,,,
,拳打脚踢,,,
,犬牙交错,,,
,犬牙交错,,,
,雀屏中选,,,
,鹊返鸾回,,,
,鹊笑鸠舞,,,
,群轻折轴,,,
,群贤毕至,,,
,群蚁排衙,,,
,让枣推梨,,,
,绕树三匝,,,
,热情洋溢,,,
,人浮于事,,,
,人迹罕至,,,
,人杰地灵,,,
,人满为患,,,
,人命危浅,,,
,人情世故,,,
,人声鼎沸,,,
,人声鼎沸,,,
,人心不古,,,
,人心不古,,,
,忍俊不禁,,,
,忍俊不禁,,,
,忍俊不禁,,,
,忍俊不禁,,,
,忍无可忍,,,
,任劳任怨,,,
,任重道远,,,
,日薄西山,,,
,日薄西山,,,
,日月不淹,,,
,容销金镜,,,
,如出一辙,,,
,如出一辙,,,
,如火如荼,,,
,如雷贯耳,,,
,如雷贯耳,,,
,如雷贯耳,,,
,如履薄冰,,,
,如履薄冰,,,
,如履薄冰,,,
,如梦初醒,,,
,如沐春风,,,
,如泣如诉,,,
,如丧考妣,,,
,如丧考妣,,,
,如丧考妣,,,
,如释重负,,,
,如坐春风,,,
,如坐春风,,,
,如坐春风,,,
,如坐春风,,,
,如坐针毡,,,
,孺慕之情,,,
,孺子牛,,,
,入不敷出,,,
,入不敷出,,,
,入木三分,,,
,锐不可当,,,
,锐不可当,,,
,若有若无,,,
,弱冠之年,,,
,撒泼打滚,,,
,塞翁失马,,,
,三顾茅庐,,,
,三缄其口,,,
,三缄其口,,,
,三缄其口,,,
,三人成虎,,,
,三人成虎,,,
,三人成虎,,,
,桑弧蓬矢,,,
,桑间濮上,,,
,桑枢瓮牖,,,
,桑土绸缪,,,
,桑荫不徙,,,
,桑榆非晚,,,
,桑中之约,,,
,搔首弄姿,,,
,瑟瑟发抖,,,
,杀鸡儆猴,,,
,杀鸡儆猴,,,
,杀鸡儆猴,,,
,杀鸡儆猴,,,
,铩羽而归,,,
,煞是好看,,,
,山高月小,,,
,山穷水尽,,,
,姗姗来迟,,,
,闪烁其词,,,
,伤痕累累,,,
,赏⼼悦目,,,
,上下其手,,,
,上下其手,,,
,上行下效,,,
,上行下效,,,
,上行下效,,,
,少不更事,,,
,少不更事,,,
,少见多怪,,,
,舍本逐末,,,
,舍身求法,,,
,舍我其谁,,,
,身材颀伟,,,
,身临其境,,,
,身临其境,,,
,身临其境,,,
,身无长物,,,
,深恶痛绝,,,
,深恶痛绝,,,
,深孚众望,,,
,深孚众望,,,
,深孚众望,,,
,深孚众望,,,
,甚嚣尘上,,,
,甚嚣尘上,,,
,神采奕奕,,,
,神情颓唐,,,
,神通广大,,,
,升堂入室,,,
,生机勃勃,,,
,生灵涂炭,,,
,生灵涂炭,,,
,生灵涂炭,,,
,生气蓬勃,,,
,生生不息,,,
,声名狼藉,,,
,声名鹊起,,,
,声名鹊起,,,
,声名显赫,,,
,胜友如云,,,
,盛筵难再,,,
,尸位素餐,,,
,尸位素餐,,,
,尸位素餐,,,
,失群落伍,,,
,失之东隅,,,
,失之东隅,,,
,失之东隅,,,
,"失之东隅
收之桑榆",,,
,失之东隅，收之桑榆,,,
,失之东隅，收之桑榆,,,
,失之毫厘,,,
,失之毫厘,,,
,失之毫厘,,,
,师心自用,,,
,十拿九稳,,,
,石火风灯,,,
,石破天惊,,,
,实力悬殊,,,
,拾级而上,,,
,拾级而上,,,
,拾级而上,,,
,拾人牙慧,,,
,拾人牙慧,,,
,拾人牙慧,,,
,食指大动,,,
,矢志不渝,,,
,豕突狼奔,,,
,豕突狼奔,,,
,始作俑者,,,
,始作俑者,,,
,始作俑者,,,
,始作俑者,,,
,士别三日,,,
,市场萧条,,,
,事必躬亲,,,
,拭目以待,,,
,拭目以待,,,
,拭目以待,,,
,拭目以待,,,
,适逢其会,,,
,舐犊情深,,,
,逝者如斯,,,
,逝者如斯,,,
,噬指弃薪,,,
,噬指弃薪,,,
,手足无措,,,
,守株待兔,,,
,首当其冲,,,
,首屈一指,,,
,首屈一指,,,
,首鼠两端,,,
,首鼠两端,,,
,首鼠两端,,,
,受宠若惊,,,
,授人以柄,,,
,授受不亲,,,
,瘦骨嶙峋,,,
,殊死搏斗,,,
,殊死搏斗,,,
,殊途同归,,,
,属垣有耳,,,
,属垣有耳,,,
,属垣有耳,,,
,鼠牙雀角,,,
,束发之年,,,
,束手无策,,,
,数典忘祖,,,
,数典忘祖,,,
,水到渠成,,,
,水到渠成,,,
,水流湍急,,,
,水落石出,,,
,水落石出,,,
,顺水推舟,,,
,顺藤摸瓜,,,
,顺藤摸瓜,,,
,顺藤摸瓜,,,
,瞬息万变,,,
,硕果累累,,,
,丝竹管弦,,,
,司空见惯,,,
,思贤如渴,,,
,厮守一生,,,
,死不瞑目,,,
,死不瞑目,,,
,死不瞑目,,,
,死不瞑目,,,
,死不瞑目,,,
,死而后已,,,
,死而后已,,,
,四方辐辏,,,
,四面楚歌,,,
,四面楚歌,,,
,四面楚歌,,,
,四面楚歌,,,
,四肢百骸,,,
,肆无忌惮,,,
,耸人听闻,,,
,耸人听闻,,,
,耸人听闻,,,
,耸⼈听闻,,,
,耸人听闻,,,
,耸入云天,,,
,搜肠刮肚,,,
,夙兴夜寐,,,
,诉诸笔端,,,
,溯江而上,,,
,随机应表,,,
,随声附和,,,
,随心所欲,,,
,随心所欲,,,
,所向披靡,,,
,所向披靡,,,
,所向披靡,,,
,所向披靡,,,
,索然无味,,,
,索然无味,,,
,踏破铁鞋,,,
,贪小失大,,,
,昙花一现,,,
,谈虎色变,,,
,谈笑风生,,,
,忐忑不安,,,
,坦荡如砥,,,
,袒胸露乳,,,
,叹为观止,,,
,叹为观止,,,
,叹为观止,,,
,叹为观止,,,
,叹为观止,,,
,螳臂当车,,,
,螳臂当车,,,
,螳臂当车,,,
,螳臂当车,,,
,螳臂当车,,,
,滔滔不绝,,,
,滔滔不绝,,,
,滔滔不绝,,,
,韬光养晦,,,
,韬光养晦,,,
,韬光养晦,,,
,逃之夭夭,,,
,逃之夭夭,,,
,逃之夭夭,,,
,腾蛟起凤,,,
,提携后进,,,
,醍醐灌顶,,,
,醍醐灌顶,,,
,醍醐灌顶,,,
,天高地迥,,,
,天经地义,,,
,天理昭彰,,,
,天理昭彰,,,
,天伦之乐,,,
,天生尤物,,,
,天生尤物,,,
,天生尤物,,,
,天网恢恢,,,
,"天网恢恢
疏而不漏",,,
,天网恢恢，疏而不漏,,,
,天网恢恢，疏而不漏,,,
,天下归心,,,
,天旋地转,,,
,天涯海角,,,
,天衣无缝,,,
,天衣无缝,,,
,添油加醋,,,
,挑拨离间,,,
,听之任之,,,
,听之任之,,,
,亭台楼阁,,,
,亭台楼阁,,,
,亭台楼阁,,,
,停滞不前,,,
,同舟共济,,,
,童叟无欺,,,
,偷偷摸摸,,,
,头晕目眩,,,
,投笔从戎,,,
,投机取巧,,,
,投袂而起,,,
,投桃报李,,,
,投桃报李,,,
,投桃报李,,,
,图穷匕见,,,
,图穷匕见,,,
,屠龙之技,,,
,屠龙之技,,,
,屠龙之技,,,
,吐哺握发,,,
,推波助澜,,,
,推崇备至,,,
,推心置腹,,,
,推心置腹,,,
,退避三舍,,,
,退避三舍,,,
,退避三舍,,,
,退避三舍,,,
,退避三舍,,,
,退避三舍,,,
,退避三舍,,,
,脱颖而出,,,
,脱颖而出,,,
,脱颖而出,,,
,脱颖而出,,,
,完美无瑕,,,
,宛如长虹,,,
,万般无奈,,,
,万人空巷,,,
,万人空巷,,,
,万人空巷,,,
,亡矢遗镞,,,
,网漏吞鱼,,,
,惘然若失,,,
,妄自菲薄,,,
,妄自菲薄,,,
,望尘莫及,,,
,望尘莫及,,,
,望尘莫及,,,
,望穿秋水,,,
,望穿秋水,,,
,望风披靡,,,
,望梅止渴,,,
,望其项背,,,
,望其项背,,,
,望其项背,,,
,望其项背,,,
,望文生义,,,
,望眼欲穿,,,
,望眼欲穿,,,
,望洋兴叹,,,
,望洋兴叹,,,
,危崖突兀,,,
,危言危行,,,
,危⾔危行,,,
,危在旦夕,,,
,偎干就湿,,,
,微不足道,,,
,微言大义,,,
,微言大义,,,
,围炉煮茗,,,
,唯唯诺诺,,,
,唯唯诺诺,,,
,唯唯诺诺,,,
,惟妙惟肖,,,
,惟妙惟肖,,,
,尾大不掉,,,
,尾大不掉,,,
,尾大不掉,,,
,委曲求全,,,
,委曲求全,,,
,为丛驱雀,,,
,为富不仁,,,
,为虎傅翼,,,
,为虎傅翼,,,
,为虎傅翼,,,
,为虎作伥,,,
,为山九仞,,,
,为山九仞,,,
,为山九仞,,,
,为所欲为,,,
,为渊驱鱼,,,
,为渊驱鱼,,,
,为渊驱鱼,,,
,"为渊驱鱼
为从驱雀",,,
,为渊驱鱼，为从驱雀,,,
,为渊驱鱼，为从驱雀,,,
,未雨绸缪,,,
,未雨绸缪,,,
,味同嚼蜡,,,
,畏首畏尾,,,
,畏缩不前,,,
,畏葸不前,,,
,蔚然成风,,,
,蔚然成风,,,
,魏鹊无枝,,,
,温故知新,,,
,温故知新,,,
,温故知新,,,
,文不加点,,,
,文不加点,,,
,文不加点,,,
,文不加点,,,
,文不加点,,,
,文不加点,,,
,文从字顺,,,
,文过饰非,,,
,闻过则喜,,,
,闻过则喜,,,
,闻所未闻,,,
,闻一知十,,,
,刎颈之交,,,
,刎颈之交,,,
,问鼎中原,,,
,瓮牖绳枢,,,
,我见犹怜,,,
,我见犹怜,,,
,我见犹怜,,,
,卧薪尝胆,,,
,乌鸟私情,,,
,无处逃遁,,,
,无的放矢,,,
,无冬无夏,,,
,无冬无夏,,,
,无冬无夏,,,
,无动于衷,,,
,无动于衷,,,
,无动于衷,,,
,无济于事,,,
,无济于事,,,
,无济于事,,,
,无济于事,,,
,无精打采,,,
,无可辩驳,,,
,⽆可厚非,,,
,无可奈何,,,
,无可奈何,,,
,无可指摘,,,
,无人问津,,,
,无人问津,,,
,无人问津,,,
,无人问津,,,
,无所不为,,,
,无所不为,,,
,无所不为,,,
,⽆所不为,,,
,⽆所不⾄,,,
,⽆所不至,,,
,无忧无虑,,,
,无缘无故,,,
,无怨无悔,,,
,吴下阿蒙,,,
,吴下阿蒙,,,
,吴越同舟,,,
,五彩斑斓,,,
,五雀六燕,,,
,五体投地,,,
,五脏六腑,,,
,物华天宝,,,
,物是人非,,,
,西泠印社,,,
,息息相关,,,
,息息相关,,,
,息息相关,,,
,悉听尊便,,,
,熙熙攘攘,,,
,熙熙攘攘,,,
,熙熙攘攘,,,
,熙熙攘攘,,,
,熙熙攘攘,,,
,膝行而前,,,
,席不暇暖,,,
,席不暇暖,,,
,席不暇暖,,,
,洗耳恭听,,,
,洗耳恭听,,,
,洗耳恭听,,,
,洗心革面,,,
,喜出望外,,,
,喜出望外,,,
,喜闻乐见,,,
,细大不捐,,,
,细大不捐,,,
,匣里龙吟,,,
,匣里龙吟,,,
,匣里龙吟,,,
,瑕不掩瑜,,,
,瑕不掩瑜,,,
,瑕不掩瑜,,,
,下里巴人,,,
,下里巴人,,,
,下里巴人,,,
,仙露琼浆,,,
,鲜为人知,,,
,相得益彰,,,
,相得益彰,,,
,相辅相成,,,
,相敬如宾,,,
,相濡以沫,,,
,相濡以沫,,,
,相濡以沫,,,
,相濡以沫,,,
,相濡以沫,,,
,相濡以沫,,,
,相视而笑,,,
,相忘江湖,,,
,相形见绌,,,
,响遏行云,,,
,向死而生,,,
,项背相望,,,
,项庄舞剑,,,
,宵衣旰食,,,
,宵衣旰食,,,
,萧规曹随,,,
,销声匿迹,,,
,销声匿迹,,,
,小鸡肚肠,,,
,小家碧玉,,,
,小心翼翼,,,
,小心翼翼,,,
,楔形文字,,,
,歇斯底里,,,
,卸磨杀驴,,,
,心安理得,,,
,心急如焚,,,
,心急如焚,,,
,心旷神怡,,,
,心旷神怡,,,
,心旷神怡,,,
,心旷神怡,,,
,心无挂碍,,,
,心无旁骛,,,
,心有灵犀,,,
,心有余悸,,,
,薪火相传,,,
,薪尽火传,,,
,信笔涂鸦,,,
,信口雌黄,,,
,信口开河,,,
,信誓旦旦,,,
,信手拈来,,,
,星斗阑干,,,
,星火燎原,,,
,行不履危,,,
,行将就木,,,
,行之有效,,,
,形销骨立,,,
,形影相吊,,,
,形影相吊,,,
,兴高采烈,,,
,兴尽悲来,,,
,幸免罹难,,,
,幸灾乐祸,,,
,凶神恶煞,,,
,兄弟参商,,,
,兄弟孔怀,,,
,兄弟阋墙,,,
,汹涌澎湃,,,
,胸有成竹,,,
,胸中丘壑,,,
,雄心壮志,,,
,休戚相关,,,
,休戚相关,,,
,休戚相关,,,
,休戚相关,,,
,休戚相关,,,
,休戚与共,,,
,休戚与共,,,
,修弊补罅,,,
,秀色可餐,,,
,秀色可餐,,,
,秀色可餐,,,
,袖手旁观,,,
,袖手旁观,,,
,虚无缥缈,,,
,虚无缥缈,,,
,虚无缥缈,,,
,栩栩如生,,,
,续貂之作,,,
,蓄意中伤,,,
,轩然大波,,,
,悬崖勒马,,,
,削发披缁,,,
,削足适履,,,
,学而不厌,,,
,学而不厌,,,
,学富五车,,,
,血气方刚,,,
,血雨腥风,,,
,谑而不虐,,,
,谑而不虐,,,
,循规蹈矩,,,
,循序渐进,,,
,循序渐进,,,
,循循善诱,,,
,徇私枉法,,,
,鸦雀无声,,,
,鸦雀无声,,,
,牙牙学语,,,
,牙牙学语,,,
,牙牙学语,,,
,雅俗共赏,,,
,恹恹欲睡,,,
,言不及义,,,
,言辞犀利,,,
,言外之意,,,
,言之有物,,,
,言之凿凿,,,
,言之凿凿,,,
,奄奄一息,,,
,掩耳盗铃,,,
,掩耳盗铃,,,
,掩耳盗铃,,,
,掩目捕雀,,,
,掩目捕雀,,,
,掩目捕雀,,,
,眼花缭乱,,,
,眼花缭乱,,,
,眼花缭乱,,,
,眼中拔钉,,,
,眼中拔钉,,,
,眼中拔钉,,,
,燕颔虎颈,,,
,燕雀安知鸿鹄之志,,,
,燕雀处堂,,,
,殃及池鱼,,,
,扬鞭策马,,,
,阳春白雪,,,
,阳春白雪,,,
,阳奉阴违,,,
,洋洋洒洒,,,
,仰之弥高,,,
,怏怏不乐,,,
,杳无消息,,,
,杳无音信,,,
,咬⽂嚼字,,,
,咬文嚼字,,,
,咬牙跺脚,,,
,窈窕淑女,,,
,窈窕淑女,,,
,窈窕淑女,,,
,耀武扬威,,,
,业精于勤,,,
,叶公好龙,,,
,叶公好龙,,,
,叶公好龙,,,
,一筹莫展,,,
,一蹴而就,,,
,一蹴而就,,,
,"一夫当关
万夫莫开",,,
,一夫当关，万夫莫开,,,
,一夫当关，万夫莫开,,,
,一夫当关，万夫莫开,,,
,一傅众咻,,,
,一傅众咻,,,
,一鼓作气,,,
,一鼓作气,,,
,一见如故,,,
,一见钟情,,,
,一箭之地,,,
,一介书生,,,
,一举歼灭,,,
,一脉相承,,,
,一目十行,,,
,一目十行,,,
,一目十行,,,
,一片狼藉,,,
,一曝十寒,,,
,一气呵成,,,
,一窍不通,,,
,一丘之貉,,,
,一如既往,,,
,一如既往,,,
,一视同仁,,,
,一丝不苟,,,
,一五一十,,,
,一泻千里,,,
,一泻千里,,,
,一心一意,,,
,一言九鼎,,,
,一言九鼎,,,
,一以贯之,,,
,一意孤行,,,
,一知半解,,,
,衣衫褴褛,,,
,依山傍水,,,
,怡然自乐,,,
,贻害无穷,,,
,贻人口实,,,
,贻笑大方,,,
,贻笑大方,,,
,移花接木,,,
,移花接木,,,
,移花接木,,,
,遗世独立,,,
,颐养天年,,,
,颐养天年,,,
,颐指气使,,,
,颐指气使,,,
,颐指气使,,,
,以暴易暴,,,
,以儆效尤,,,
,以儆效尤,,,
,以邻为壑,,,
,以邻为壑,,,
,以身殉职,,,
,以身作则,,,
,以退为进,,,
,以牙还牙,,,
,倚老卖老,,,
,倚门倚闾,,,
,义愤填膺,,,
,义愤填膺,,,
,义结金兰,,,
,义无反顾,,,
,亦步亦趋,,,
,异想天开,,,
,抑扬顿挫,,,
,抑扬顿挫,,,
,抑扬顿挫,,,
,意气用事,,,
,意味深长,,,
,意兴阑珊,,,
,意兴阑珊,,,
,意犹未足,,,
,溢美之词,,,
,溢于言表,,,
,溢于言表,,,
,溢于言表,,,
,因地制宜,,,
,因地制宜,,,
,因人成事,,,
,因⼈成事,,,
,因噎废食,,,
,因噎废食,,,
,因噎废食,,,
,阴晴圆缺,,,
,寅吃卯粮,,,
,寅吃卯粮,,,
,淫雨霏霏,,,
,引咎辞职,,,
,饮鸩止渴,,,
,饮鸩止渴,,,
,饮鸩止渴,,,
,饮鸩止渴,,,
,应付裕如,,,
,应接不暇,,,
,应接不暇,,,
,迎刃而解,,,
,蝇营狗苟,,,
,蝇营狗苟,,,
,拥挤不堪,,,
,庸人自扰,,,
,喁喁不休,,,
,喁喁不休,,,
,喁喁不休,,,
,踊跃报名,,,
,用舍行藏,,,
,用舍行藏,,,
,用舍行藏,,,
,忧心忡忡,,,
,忧心忡忡,,,
,犹豫不决,,,
,油光可鉴,,,
,油然而生,,,
,游目骋怀,,,
,游目骋怀,,,
,游刃有余,,,
,有口皆碑,,,
,有口皆碑,,,
,有声有色,,,
,有条不紊,,,
,有志竟成,,,
,于心不忍,,,
,于心不忍,,,
,余音袅袅,,,
,余勇可贾,,,
,余勇可贾,,,
,盂方水方,,,
,盂方水方,,,
,盂方水方,,,
,鱼传尺素,,,
,鱼传尺素,,,
,鱼传尺素,,,
,鱼贯而入,,,
,鱼贯而入,,,
,鱼贯而入,,,
,鱼龙混杂,,,
,鱼龙混杂,,,
,鱼龙混杂,,,
,鱼目混珠,,,
,鱼目混珠,,,
,鱼目混珠,,,
,鱼肉百姓,,,
,与日俱增,,,
,与日俱增,,,
,雨后春笋,,,
,语无伦次,,,
,语重心长,,,
,缘木求鱼,,,
,缘木求鱼,,,
,缘木求鱼,,,
,缘木求鱼,,,
,猿猴取月,,,
,猿猴取月,,,
,猿猴取月,,,
,怨天尤人,,,
,约定俗成,,,
,约法三章,,,
,跃然纸上,,,
,越俎代庖,,,
,越俎代庖,,,
,越俎代庖,,,
,越俎代庖,,,
,云程发轫,,,
,云涌飙发,,,
,芸芸众生,,,
,殒身不恤,,,
,殒身不恤,,,
,再作冯妇,,,
,在此一举,,,
,载舟覆舟,,,
,攒三聚五,,,
,臧否人物,,,
,责无旁贷,,,
,责无旁贷,,,
,责⽆旁贷,,,
,责无旁贷,,,
,啧啧称奇,,,
,啧啧称奇,,,
,啧啧称奇,,,
,沾花惹草,,,
,瞻前顾后,,,
,瞻前顾后,,,
,斩木揭竿,,,
,崭露头角,,,
,崭露头角,,,
,战战兢兢,,,
,战战兢兢，如临深渊，如履薄冰,,,
,张冠李戴,,,
,张冠李戴,,,
,张目结舌,,,
,章台杨柳,,,
,章台杨柳,,,
,章台杨柳,,,
,长歌当哭,,,
,长途跋涉,,,
,招摇撞骗,,,
,遮天蔽日,,,
,遮天蔽日,,,
,折冲樽俎,,,
,折冲樽俎,,,
,针砭时弊,,,
,枕戈待旦,,,
,振聋发聩,,,
,振聋发聩,,,
,振聋发聩,,,
,振振有词,,,
,振振有词,,,
,振振有词,,,
,振振有词,,,
,震耳欲聋,,,
,震耳欲聋,,,
,震耳欲聋,,,
,峥嵘岁月,,,
,铮铮铁骨,,,
,铮铮铁骨,,,
,铮铮铁骨,,,
,整冠纳履,,,
,整冠纳履,,,
,正襟危坐,,,
,正襟危坐,,,
,正人君子,,,
,正声雅音,,,
,郑人买履,,,
,郑卫之音,,,
,郑重其事,,,
,政由己出,,,
,芝兰玉树,,,
,芝兰玉树,,,
,执迷不悟,,,
,直抒胸臆,,,
,咫尺天涯,,,
,咫尺天涯,,,
,咫尺天涯,,,
,指桑骂槐,,,
,至死不懈,,,
,炙手可热,,,
,炙手可热,,,
,炙手可热,,,
,炙手可热,,,
,炙手可热,,,
,炙手可热,,,
,炙手可热,,,
,栉风沐雨,,,
,栉风沐雨,,,
,置若罔闻,,,
,置若罔闻,,,
,置之不理,,,
,置之度外,,,
,中规中矩,,,
,中流砥柱,,,
,终南捷径,,,
,钟鸣鼎食,,,
,钟鸣鼎食,,,
,种瓜得瓜,,,
,种瓜得瓜,,,
,种瓜得瓜,,,
,众声喧哗,,,
,众矢之的,,,
,众说纷纭,,,
,重蹈覆辙,,,
,重蹈覆辙,,,
,重蹈覆辙,,,
,重峦叠嶂,,,
,周而复始,,,
,周公吐哺,,,
,朱雀玄武,,,
,珠光宝气,,,
,诸如此类,,,
,铢两悉称,,,
,蛛丝马迹,,,
,蛛丝马迹,,,
,舳舻千里,,,
,煮豆燃萁,,,
,专心致志,,,
,转瞬即逝,,,
,庄周梦蝶,,,
,装模作样,,,
,追悔莫及,,,
,谆谆告诫,,,
,谆谆告诫,,,
,谆谆告诫,,,
,卓尔不群,,,
,卓有成效,,,
,卓有成效,,,
,捉襟见肘,,,
,捉襟见肘,,,
,捉襟见肘,,,
,捉襟见肘,,,
,擢发难数,,,
,孜孜不倦,,,
,孜孜不倦,,,
,锱铢必较,,,
,锱铢必较,,,
,锱铢必较,,,
,龇牙咧嘴,,,
,自暴自弃,,,
,自惭形秽,,,
,自吹自擂,,,
,自甘堕落,,,
,自矜功伐,,,
,自矜功伐,,,
,自矜功伐,,,
,自欺欺人,,,
,自炫其能,,,
,自言自语,,,
,自圆其说,,,
,自怨自艾,,,
,恣意妄为,,,
,总角之交,,,
,走投无路,,,
,走投无路,,,
,钻之弥坚,,,
,罪不容诛,,,
,罪不容诛,,,
,罪不容诛,,,
,罪不容诛,,,
,左右逢源,,,
,左支右绌,,,
,作壁上观,,,
,作奸犯科,,,
